{"cameraMode":{"drawMode":0,"name":"Shaded","section":"Shading Mode"},"sceneLighting":true,"audioPlay":false,"sceneViewState":{"m_AlwaysRefresh":false,"showFog":true,"showSkybox":true,"showFlares":true,"showImageEffects":true,"showParticleSystems":true,"showVisualEffectGraphs":true,"m_FxEnabled":true},"in2DMode":false,"pivot":{"x":335.05975341796877,"y":275.18292236328127,"z":-82.04261779785156},"rotation":{"x":0.009308583103120327,"y":0.0076789865270257,"z":-0.0003629035782068968,"w":1.0001806020736695},"size":191.50091552734376,"orthographic":false}